Name,Wallet
DRAGONSTAKE,1dGsgLgFez7gt5WjX2FYzNCJtaCjGG6W9dA42d9cHngDYGg
POLKASTATS,15psTaipmWG86U5vNkF7Guv9TRPMRLKHkGS8cXT74v3RCC5t
STAKING4ALL,14cxMDpBNLsNEXWyCzked3zghzaYWXwoqGT4h12GqQXdVhmn
ParaNodes,14hM4oLJCK6wtS7gNfwTDhthRjy5QJ1t3NAcoPjEepo9AH67
KIRA STAKING,15UyiZ9rYhrX39Rasc1iE4sdME7WHNFSj8RQT3yuuytd3Nrd
GENESIS LAB,13K6QTYBPMUFTbhZzqToKcfCiWbt4wDPHr3rUPyUessiPR61
CHORUS ONE,12C9U6zSSoZ6pgwR2ksFyBLgQH6v7dkqqPCRyHceoP8MJRo2
STAKING FACILITIES,165JpxmCRi28GwbFAjjrD74FTfGdLfHi1LUGMaYLjziDvi4r
ZK VALIDATOR,14pU6dcr5jgMpFZDGB1fwcU6LztP5pszTk5mYz8nUXBu59mU
EI,14ShUZUYUR35RBZW6uVVt1zXDxmSQddkeDdXf1JkMA6P721N
FEDERICO,121kyZuzZxpZf5nFkNKwBVtxz7hEiDtofesZuE3EsRheKpXu
PURESTAKE,14yx4vPAACZRhoDQm1dyvXD3QdRQyCRRCe5tj1zPomhhS29a
